region,avg_charges
northeast,13406.3845163858
northwest,12417.575373969228
southeast,14735.411437609895
southwest,12346.93737729231
