age_group,avg_charges
18-28,9096.10986040769
29-39,11614.37254855634
40-50,14518.19769493506
51-61,17458.576760972217
62 and above,20738.019767794118
