children,avg_charges
0,12365.975601635882
1,12731.171831635793
2,15073.563733958328
3,15355.31836681528
4,13850.656311199999
5,8786.035247222222
