bmi_category,avg_charges
Healthy,10379.499732162163
Obese,15300.189848741542
Overweight,10993.994037132627
